1870,-0.346298
1870.0834,-1.1203
1870.1666,-0.937611
1870.25,-0.895107
1870.3334,-0.992748
1870.4166,-0.966423
1870.5,-0.818209
1870.5834,-0.667646
1870.6666,-0.236809
1870.75,-0.345459
1870.8334,-0.470854
1870.9166,-0.546627
1871,-0.413328
1871.0834,-0.365463
1871.1666,-0.369732
1871.25,-0.299076
1871.3334,-0.613668
1871.4166,-0.562983
1871.5,-0.700079
1871.5834,-0.363405
1871.6666,-0.255718
1871.75,-0.265278
1871.8334,-0.361784
1871.9166,-0.600515
1872,-0.626858
1872.0834,-0.467033
1872.1666,-0.313581
1872.25,-0.577377
1872.3334,-0.521889
1872.4166,-0.642864
1872.5,-0.58078
1872.5834,-0.939266
1872.6666,-0.949928
1872.75,-0.738989
1872.8334,-0.586103
1872.9166,-0.707237
1873,-0.633009
1873.0834,-0.819622
1873.1666,-1.01384
1873.25,-0.622766
1873.3334,-0.451048
1873.4166,-0.613033
1873.5,-0.54607
1873.5834,-0.426947
1873.6666,-0.417078
1873.75,-0.620419
1873.8334,-0.547985
1873.9166,-0.346657
1874,-0.474628
1874.0834,-0.635162
1874.1666,-0.902102
1874.25,-0.535458
1874.3334,-0.525978
1874.4166,-0.522743
1874.5,-0.668749
1874.5834,-0.686035
1874.6666,-1.0097
1874.75,-1.10878
1874.8334,-1.06333
1874.9166,-0.832306
1875,-0.513557
1875.0834,-0.371283
1875.1666,-0.609142
1875.25,-0.891487
1875.3334,-1.02013
1875.4166,-0.901964
1875.5,-1.01876
1875.5834,-0.941437
1875.6666,-0.986769
1875.75,-0.760948
1875.8334,-0.505125
1875.9166,-0.713856
1876,-0.874668
1876.0834,-0.912252
1876.1666,-0.682852
1876.25,-0.767197
1876.3334,-0.626568
1876.4166,-0.442604
1876.5,-0.496279
1876.5834,-0.279396
1876.6666,-0.187269
1876.75,-0.104069
1876.8334,-6.55E-02
1876.9166,1.29E-02
1877,3.00E-02
1877.0834,0.515297
1877.1666,0.318619
1877.25,0.244392
1877.3334,0.303423
1877.4166,0.615906
1877.5,0.697701
1877.5834,0.741255
1877.6666,0.796701
1877.75,0.968243
1877.8334,1.06339
1877.9166,1.27572
1878,1.18825
1878.0834,1.22438
1878.1666,0.784548
1878.25,0.609144
1878.3334,0.457962
1878.4166,0.792837
1878.5,0.137201
1878.5834,-0.112637
1878.6666,-0.305059
1878.75,-0.448797
1878.8334,-0.325144
1878.9166,-0.333157
1879,-0.140549
1879.0834,-4.38E-02
1879.1666,-1.27E-02
1879.25,-0.215717
1879.3334,-0.601498
1879.4166,-0.862103
1879.5,-0.866879
1879.5834,-0.672106
1879.6666,-0.64502
1879.75,-0.836988
1879.8334,-0.995615
1879.9166,-0.717436
1880,-0.436937
1880.0834,-0.298883
1880.1666,-0.336702
1880.25,-0.332977
1880.3334,-0.515728
1880.4166,-0.569113
1880.5,-0.49106
1880.5834,-0.433786
1880.6666,-0.357279
1880.75,-0.130888
1880.8334,0.120716
1880.9166,0.178844
1881,0.189762
1881.0834,0.186718
1881.1666,0.310968
1881.25,0.499243
1881.3334,0.338842
1881.4166,0.219597
1881.5,-0.168159
1881.5834,1.08E-02
1881.6666,-0.153149
1881.75,-0.215717
1881.8334,-0.306543
1881.9166,-0.189075
1882,-0.219627
1882.0834,-0.371714
1882.1666,-0.289692
1882.25,0.171974
1882.3334,0.139782
1882.4166,-1.41E-02
1882.5,-0.17836
1882.5834,5.90E-02
1882.6666,-0.404619
1882.75,-0.399069
1882.8334,-0.660145
1882.9166,-0.584187
1883,-0.130268
1883.0834,-0.101063
1883.1666,-0.159931
1883.25,-0.125347
1883.3334,-0.299559
1883.4166,-0.238754
1883.5,-9.26E-02
1883.5834,-0.177067
1883.6666,-0.168718
1883.75,-1.58E-02
1883.8334,4.92E-02
1883.9166,-2.16E-02
1884,8.48E-02
1884.0834,0.210087
1884.1666,0.216488
1884.25,0.316864
1884.3334,0.627432
1884.4166,-6.32E-02
1884.5,0.221901
1884.5834,0.202093
1884.6666,0.15015
1884.75,6.34E-02
1884.8334,-1.92E-02
1884.9166,6.97E-02
1885,-8.44E-02
1885.0834,0.120586
1885.1666,0.210899
1885.25,7.45E-02
1885.3334,0.548391
1885.4166,0.211536
1885.5,9.60E-02
1885.5834,0.340633
1885.6666,0.404232
1885.75,0.625502
1885.8334,0.567677
1885.9166,0.569754
1886,0.340712
1886.0834,0.234478
1886.1666,0.417389
1886.25,0.139153
1886.3334,-0.402918
1886.4166,-0.576923
1886.5,-0.766088
1886.5834,-0.791416
1886.6666,-0.892519
1886.75,-0.783857
1886.8334,-0.894754
1886.9166,-1.12879
1887,-0.573208
1887.0834,-0.324293
1887.1666,-0.640852
1887.25,-0.813986
1887.3334,-0.884687
1887.4166,-0.471333
1887.5,-0.37146
1887.5834,-0.361475
1887.6666,-0.355639
1887.75,-0.178328
1887.8334,3.87E-02
1887.9166,-6.55E-02
1888,-0.108858
1888.0834,0.399406
1888.1666,0.389719
1888.25,0.370844
1888.3334,0.222233
1888.4166,0.192547
1888.5,0.285271
1888.5834,0.473324
1888.6666,-8.04E-02
1888.75,0.933292
1888.8334,1.3638
1888.9166,0.915504
1889,0.966911
1889.0834,0.803007
1889.1666,0.492689
1889.25,0.244673
1889.3334,0.215801
1889.4166,-0.261553
1889.5,-0.450129
1889.5834,-0.492136
1889.6666,-0.638458
1889.75,-1.06417
1889.8334,-0.923695
1889.9166,-1.03726
1890,-1.80877
1890.0834,-1.55333
1890.1666,-0.814381
1890.25,-0.691086
1890.3334,-0.667408
1890.4166,-0.910694
1890.5,-0.911379
1890.5834,-1.33992
1890.6666,-1.3227
1890.75,-1.09671
1890.8334,-0.970255
1890.9166,-0.600857
1891,-0.335218
1891.0834,-6.76E-02
1891.1666,-2.16E-02
1891.25,4.95E-02
1891.3334,2.10E-02
1891.4166,-2.70E-02
1891.5,-0.207109
1891.5834,-9.87E-02
1891.6666,-0.144468
1891.75,1.38E-03
1891.8334,0.109205
1891.9166,4.60E-02
1892,-0.379078
1892.0834,-0.250362
1892.1666,-0.489481
1892.25,-0.643457
1892.3334,-0.412739
1892.4166,-0.472614
1892.5,-0.599539
1892.5834,-0.684206
1892.6666,-1.02779
1892.75,-1.29526
1892.8334,-1.24311
1892.9166,-0.651646
1893,-0.463089
1893.0834,-0.484552
1893.1666,-0.711451
1893.25,-1.04912
1893.3334,-1.13171
1893.4166,-1.22054
1893.5,-1.53552
1893.5834,-1.46591
1893.6666,-1.39973
1893.75,-1.35773
1893.8334,-1.20169
1893.9166,-0.981186
1894,-1.05516
1894.0834,-1.20046
1894.1666,-1.0222
1894.25,-0.906626
1894.3334,-0.908009
1894.4166,-0.841784
1894.5,-0.800499
1894.5834,-0.652895
1894.6666,-1.07708
1894.75,-0.819408
1894.8334,-0.824175
1894.9166,-0.481827
1895,-0.653627
1895.0834,-0.420042
1895.1666,-0.407381
1895.25,-0.340027
1895.3334,-0.335428
1895.4166,-0.430754
1895.5,-0.37735
1895.5834,0.190044
1895.6666,0.10111
1895.75,-8.64E-02
1895.8334,0.116655
1895.9166,0.130875
1896,-3.69E-02
1896.0834,-0.110302
1896.1666,7.61E-02
1896.25,-5.24E-02
1896.3334,1.82E-02
1896.4166,-0.307194
1896.5,0.30937
1896.5834,0.685465
1896.6666,0.673601
1896.75,0.569462
1896.8334,0.699986
1896.9166,0.733803
1897,0.717701
1897.0834,0.594236
1897.1666,0.273678
1897.25,-0.128986
1897.3334,-0.165209
1897.4166,-0.109783
1897.5,8.65E-02
1897.5834,0.105755
1897.6666,4.98E-02
1897.75,-0.312458
1897.8334,-0.532333
1897.9166,-0.465397
1898,-0.584688
1898.0834,-0.456623
1898.1666,-0.473482
1898.25,-0.254436
1898.3334,-0.394548
1898.4166,-0.315544
1898.5,-0.444569
1898.5834,-0.655327
1898.6666,-0.480049
1898.75,-0.300768
1898.8334,-0.556324
1898.9166,-0.713387
1899,-0.889198
1899.0834,-0.768164
1899.1666,-0.633741
1899.25,-0.367496
1899.3334,-0.176409
1899.4166,-0.246454
1899.5,2.95E-02
1899.5834,0.224014
1899.6666,1.13E-02
1899.75,0.643633
1899.8334,0.884296
1899.9166,1.01121
1900,0.760653
1900.0834,0.620506
1900.1666,0.543699
1900.25,0.470922
1900.3334,0.360252
1900.4166,0.319607
1900.5,0.386471
1900.5834,0.453924
1900.6666,0.371471
1900.75,0.420992
1900.8334,0.329386
1900.9166,0.675823
1901,0.719822
1901.0834,0.286926
1901.1666,0.188848
1901.25,0.145594
1901.3334,-6.48E-04
1901.4166,-0.202213
1901.5,-0.15814
1901.5834,-2.03E-02
1901.6666,-0.294319
1901.75,-0.201029
1901.8334,-0.318745
1901.9166,-0.286097
1902,-0.406008
1902.0834,-0.204113
1902.1666,-0.342171
1902.25,0.291073
1902.3334,0.578182
1902.4166,0.581686
1902.5,0.730841
1902.5834,0.630465
1902.6666,0.977161
1902.75,0.821093
1902.8334,0.769686
1902.9166,0.582884
1903,0.738661
1903.0834,0.864807
1903.1666,0.738119
1903.25,0.466063
1903.3334,0.144043
1903.4166,0.528696
1903.5,-9.13E-02
1903.5834,0.282654
1903.6666,-0.116879
1903.75,-0.106049
1903.8334,-0.253263
1903.9166,-0.445797
1904,-0.827127
1904.0834,-0.499332
1904.1666,-0.396851
1904.25,-0.293596
1904.3334,-0.530027
1904.4166,-0.122143
1904.5,0.180851
1904.5834,0.247784
1904.6666,7.85E-02
1904.75,0.588432
1904.8334,-0.185074
1904.9166,0.579245
1905,0.431313
1905.0834,0.719088
1905.1666,0.606289
1905.25,0.375433
1905.3334,0.681322
1905.4166,0.341587
1905.5,0.745621
1905.5834,0.752644
1905.6666,1.11557
1905.75,0.568441
1905.8334,0.502066
1905.9166,0.669844
1906,0.241302
1906.0834,0.422888
1906.1666,0.888798
1906.25,0.339264
1906.3334,5.30E-02
1906.4166,0.106436
1906.5,2.94E-02
1906.5834,0.262983
1906.6666,-0.611359
1906.75,-0.661777
1906.8334,-2.22E-02
1906.9166,-0.209187
1907,-0.230099
1907.0834,-0.163702
1907.1666,-0.233131
1907.25,-0.293936
1907.3334,-0.193178
1907.4166,-0.117304
1907.5,-0.24811
1907.5834,-0.123655
1907.6666,3.51E-02
1907.75,-0.429798
1907.8334,-0.163303
1907.9166,-0.151516
1908,-0.312288
1908.0834,-2.14E-02
1908.1666,-0.321791
1908.25,-0.182676
1908.3334,-8.68E-02
1908.4166,-0.396994
1908.5,-0.499619
1908.5834,-0.344566
1908.6666,-0.335939
1908.75,-0.412197
1908.8334,-0.664175
1908.9166,-0.763447
1909,-0.388819
1909.0834,-0.592472
1909.1666,-0.392771
1909.25,-0.349417
1909.3334,1.91E-02
1909.4166,-0.708612
1909.5,-0.761389
1909.5834,-0.887436
1909.6666,-0.678358
1909.75,-1.00115
1909.8334,-1.08155
1909.9166,-0.817905
1910,-0.954967
1910.0834,-0.700262
1910.1666,-0.821512
1910.25,-1.09538
1910.3334,-1.03748
1910.4166,-1.08341
1910.5,-0.94548
1910.5834,-0.888126
1910.6666,-1.22201
1910.75,-1.03222
1910.8334,-0.814533
1910.9166,-0.718866
1911,-0.507059
1911.0834,-0.424744
1911.1666,-0.682081
1911.25,-0.916916
1911.3334,-0.587057
1911.4166,-0.758654
1911.5,-0.58345
1911.5834,-0.846306
1911.6666,-0.429529
1911.75,-0.332039
1911.8334,0.354786
1911.9166,1.87E-02
1912,0.567251
1912.0834,0.490328
1912.1666,0.530619
1912.25,0.499453
1912.3334,-0.155407
1912.4166,-0.142904
1912.5,4.35E-02
1912.5834,-0.147566
1912.6666,-2.59E-02
1912.75,-0.215757
1912.8334,-6.05E-02
1912.9166,-0.379356
1913,-0.353027
1913.0834,0.213186
1913.1666,0.190319
1913.25,-0.350996
1913.3334,-0.274029
1913.4166,-0.450743
1913.5,-0.51623
1913.5834,-0.454737
1913.6666,-4.63E-02
1913.75,-0.265457
1913.8334,0.115147
1913.9166,0.171885
1914,1.57E-02
1914.0834,0.486156
1914.1666,0.237349
1914.25,0.508894
1914.3334,0.189861
1914.4166,4.40E-02
1914.5,0.22743
1914.5834,0.525503
1914.6666,0.328051
1914.75,0.215992
1914.8334,0.194777
1914.9166,0.347883
1915,0.486101
1915.0834,0.565147
1915.1666,0.495239
1915.25,0.408613
1915.3334,0.449041
1915.4166,0.683767
1915.5,0.20936
1915.5834,0.181793
1915.6666,0.211721
1915.75,0.311852
1915.8334,-2.53E-03
1915.9166,9.66E-02
1916,1.82E-02
1916.0834,-0.218042
1916.1666,-0.159052
1916.25,-1.08E-02
1916.3334,0.243122
1916.4166,9.09E-02
1916.5,-0.5774
1916.5834,-0.964275
1916.6666,-1.05649
1916.75,-0.859867
1916.8334,-1.12628
1916.9166,-0.892397
1917,-0.857178
1917.0834,-0.524714
1917.1666,-0.496641
1917.25,-0.443966
1917.3334,-0.602179
1917.4166,-0.476324
1917.5,-0.37504
1917.5834,-0.217655
1917.6666,-0.334049
1917.75,-0.149899
1917.8334,-0.451365
1917.9166,-0.489077
1918,-0.574318
1918.0834,-0.567802
1918.1666,-0.535742
1918.25,-0.450346
1918.3334,-0.354998
1918.4166,1.58E-02
1918.5,-0.1751
1918.5834,7.64E-02
1918.6666,0.316591
1918.75,0.529963
1918.8334,0.589735
1918.9166,0.608543
1919,0.868652
1919.0834,0.707527
1919.1666,0.774149
1919.25,0.674393
1919.3334,0.628033
1919.4166,0.419867
1919.5,0.17226
1919.5834,0.393253
1919.6666,0.246521
1919.75,-9.20E-02
1919.8334,-0.498234
1919.9166,0.150724
1920,0.146893
1920.0834,0.158287
1920.1666,0.208429
1920.25,-5.94E-02
1920.3334,4.86E-02
1920.4166,0.282986
1920.5,0.269121
1920.5834,0.240013
1920.6666,0.229372
1920.75,0.588472
1920.8334,-9.20E-02
1920.9166,-0.409986
1921,-5.74E-02
1921.0834,-0.510563
1921.1666,-0.943411
1921.25,-0.259727
1921.3334,-0.678158
1921.4166,-0.477243
1921.5,-0.29158
1921.5834,2.16E-02
1921.6666,-0.22576
1921.75,-4.33E-02
1921.8334,-0.531223
1921.9166,-4.30E-02
1922,-0.339909
1922.0834,8.65E-02
1922.1666,0.114519
1922.25,-0.300037
1922.3334,9.17E-02
1922.4166,-0.318104
1922.5,5.11E-02
1922.5834,-0.232676
1922.6666,-0.219858
1922.75,-0.316519
1922.8334,-0.136564
1922.9166,-0.541246
1923,-0.228178
1923.0834,-0.287354
1923.1666,-0.154671
1923.25,7.10E-02
1923.3334,-0.115278
1923.4166,-0.138433
1923.5,-0.269089
1923.5834,7.25E-02
1923.6666,0.309292
1923.75,0.543041
1923.8334,0.648926
1923.9166,0.448673
1924,0.240471
1924.0834,0.240437
1924.1666,0.320858
1924.25,2.96E-02
1924.3334,-0.432629
1924.4166,-0.185614
1924.5,-0.386459
1924.5834,-0.564707
1924.6666,-0.587019
1924.75,-0.558018
1924.8334,-0.931534
1924.9166,-0.357225
1925,-0.955868
1925.0834,-0.753283
1925.1666,-0.668621
1925.25,-0.417677
1925.3334,-0.364578
1925.4166,-0.519884
1925.5,0.122431
1925.5834,0.310154
1925.6666,0.406551
1925.75,0.465153
1925.8334,0.701736
1925.9166,0.880875
1926,0.633492
1926.0834,0.798468
1926.1666,0.763758
1926.25,0.513803
1926.3334,0.603512
1926.4166,0.496557
1926.5,0.326181
1926.5834,0.225174
1926.6666,0.171732
1926.75,-0.218718
1926.8334,-0.380684
1926.9166,-0.240957
1927,1.88E-02
1927.0834,0.162798
1927.1666,-0.268932
1927.25,2.20E-02
1927.3334,-0.435898
1927.4166,-0.127623
1927.5,-9.18E-02
1927.5834,0.110044
1927.6666,-8.40E-02
1927.75,8.16E-02
1927.8334,-9.37E-02
1927.9166,0.256844
1928,0.386803
1928.0834,0.283678
1928.1666,7.86E-02
1928.25,0.126423
1928.3334,0.125212
1928.4166,4.89E-02
1928.5,-7.66E-02
1928.5834,3.30E-02
1928.6666,-8.22E-02
1928.75,-9.75E-02
1928.8334,-2.96E-03
1928.9166,-0.266706
1929,-0.297869
1929.0834,-0.139372
1929.1666,-8.02E-02
1929.25,-5.54E-02
1929.3334,-0.199259
1929.4166,0.127937
1929.5,0.200691
1929.5834,0.110544
1929.6666,0.137291
1929.75,0.215073
1929.8334,0.217426
1929.9166,0.545094
1930,0.527243
1930.0834,0.562168
1930.1666,0.512909
1930.25,0.504883
1930.3334,-8.47E-03
1930.4166,0.214417
1930.5,0.3855
1930.5834,0.264225
1930.6666,0.654661
1930.75,0.584312
1930.8334,0.949575
1930.9166,0.632605
1931,0.769491
1931.0834,1.01508
1931.1666,0.507549
1931.25,0.535683
1931.3334,0.549671
1931.4166,0.624796
1931.5,0.46167
1931.5834,0.421795
1931.6666,-0.18796
1931.75,-0.199299
1931.8334,2.38E-02
1931.9166,-0.232916
1932,-0.339918
1932.0834,-0.240183
1932.1666,0.145088
1932.25,-2.88E-02
1932.3334,1.03E-02
1932.4166,-4.15E-02
1932.5,-0.345329
1932.5834,2.42E-03
1932.6666,-1.78E-02
1932.75,2.95E-02
1932.8334,-1.18E-02
1932.9166,-0.323847
1933,-2.66E-02
1933.0834,-0.157383
1933.1666,-0.139742
1933.25,-7.71E-02
1933.3334,-0.425158
1933.4166,-0.725224
1933.5,-0.4627
1933.5834,-0.655186
1933.6666,-0.769478
1933.75,-1.06493
1933.8334,-0.761795
1933.9166,-1.02293
1934,-1.00368
1934.0834,-0.862343
1934.1666,-0.987202
1934.25,-0.488266
1934.3334,-0.605997
1934.4166,-0.418333
1934.5,-0.495399
1934.5834,-0.586315
1934.6666,-0.522779
1934.75,-0.422588
1934.8334,-0.270273
1934.9166,-0.252537
1935,-0.322638
1935.0834,-4.43E-02
1935.1666,-0.273062
1935.25,-0.399336
1935.3334,-0.601498
1935.4166,-0.418863
1935.5,-0.47172
1935.5834,8.94E-02
1935.6666,2.65E-02
1935.75,0.227873
1935.8334,0.139545
1935.9166,-4.73E-03
1936,0.191452
1936.0834,0.255547
1936.1666,9.85E-02
1936.25,0.310684
1936.3334,0.427961
1936.4166,-9.77E-02
1936.5,-0.123859
1936.5834,-4.58E-02
1936.6666,1.32E-03
1936.75,0.256863
1936.8334,-0.112003
1936.9166,0.414494
1937,-9.33E-02
1937.0834,0.322046
1937.1666,0.623529
1937.25,7.84E-02
1937.3334,-0.112398
1937.4166,-0.288923
1937.5,0.16151
1937.5834,4.59E-02
1937.6666,-6.36E-02
1937.75,-5.26E-02
1937.8334,0.198996
1937.9166,-0.172565
1938,-0.130459
1938.0834,-2.61E-02
1938.1666,4.54E-02
1938.25,-0.131937
1938.3334,-0.439367
1938.4166,-0.601204
1938.5,-0.50543
1938.5834,-0.634605
1938.6666,-0.17075
1938.75,-0.678528
1938.8334,-0.490334
1938.9166,-0.469545
1939,-0.459059
1939.0834,-0.571922
1939.1666,-0.412832
1939.25,-9.75E-02
1939.3334,-0.106129
1939.4166,-0.203043
1939.5,9.71E-02
1939.5834,-5.29E-02
1939.6666,0.673832
1939.75,-0.515919
1939.8334,2.19E-03
1939.9166,0.353493
1940,0.634481
1940.0834,0.743357
1940.1666,0.727089
1940.25,0.466524
1940.3334,0.349972
1940.4166,0.582397
1940.5,0.47575
1940.5834,0.385935
1940.6666,0.164501
1940.75,0.469091
1940.8334,0.685646
1940.9166,0.893414
1941,0.791452
1941.0834,0.700336
1941.1666,0.986778
1941.25,1.08962
1941.3334,1.07964
1941.4166,0.658726
1941.5,0.74205
1941.5834,0.699844
1941.6666,0.557152
1941.75,0.750341
1941.8334,0.901337
1941.9166,0.950624
1942,0.612001
1942.0834,0.482437
1942.1666,0.130358
1942.25,0.591404
1942.3334,-6.56E-02
1942.4166,-0.143682
1942.5,-0.164759
1942.5834,-0.321615
1942.6666,-0.52183
1942.75,-0.614199
1942.8334,-0.639145
1942.9166,-0.788425
1943,-1.11407
1943.0834,-0.831472
1943.1666,-0.597141
1943.25,-0.349127
1943.3334,-8.63E-02
1943.4166,-5.98E-02
1943.5,3.52E-02
1943.5834,0.250004
1943.6666,-5.07E-02
1943.75,-0.324648
1943.8334,-0.398655
1943.9166,-0.228947
1944,-0.145369
1944.0834,-0.133812
1944.1666,-1.06E-02
1944.25,7.65E-02
1944.3334,0.174091
1944.4166,8.05E-02
1944.5,0.19289
1944.5834,0.243855
1944.6666,0.11445
1944.75,6.56E-02
1944.8334,0.155136
1944.9166,7.36E-02
1945,-0.160488
1945.0834,-0.337612
1945.1666,-0.683121
1945.25,-0.699207
1945.3334,-0.619759
1945.4166,-0.647123
1945.5,-0.400969
1945.5834,-0.378515
1945.6666,-0.312889
1945.75,-0.278168
1945.8334,-0.105934
1945.9166,-0.240076
1946,-0.208418
1946.0834,-0.100132
1946.1666,-0.168461
1946.25,-7.13E-02
1946.3334,6.51E-02
1946.4166,0.471096
1946.5,0.27158
1946.5834,0.117815
1946.6666,0.376072
1946.75,0.246532
1946.8334,0.171875
1946.9166,0.575523
1947,0.354622
1947.0834,-9.45E-02
1947.1666,0.310919
1947.25,3.12E-02
1947.3334,-5.34E-02
1947.4166,0.524036
1947.5,-0.204069
1947.5834,4.33E-03
1947.6666,-0.513109
1947.75,-0.625488
1947.8334,-0.702694
1947.9166,7.88E-02
1948,0.127632
1948.0834,-0.144823
1948.1666,0.368948
1948.25,0.202723
1948.3334,0.546211
1948.4166,0.532997
1948.5,-2.15E-02
1948.5834,-5.53E-02
1948.6666,-3.07E-02
1948.75,-0.129957
1948.8334,-0.141125
1948.9166,-4.67E-02
1949,-4.15E-02
1949.0834,0.441248
1949.1666,-0.283001
1949.25,4.62E-02
1949.3334,-0.108318
1949.4166,-0.404894
1949.5,-0.22131
1949.5834,-8.97E-03
1949.6666,-0.675108
1949.75,-0.557108
1949.8334,-1.1146
1949.9166,-0.771637
1950,-0.551649
1950.0834,-1.05574
1950.1666,-0.839682
1950.25,-0.659857
1950.3334,-0.701939
1950.4166,-0.481213
1950.5,-0.813999
1950.5834,-0.798616
1950.6666,-0.760948
1950.75,-0.890718
1950.8334,-1.26554
1950.9166,-0.668577
1951,-1.12311
1951.0834,-0.913183
1951.1666,-0.693701
1951.25,-0.432686
1951.3334,-0.110277
1951.4166,-0.247103
1951.5,0.137981
1951.5834,0.332844
1951.6666,0.292881
1951.75,0.310062
1951.8334,0.414427
1951.9166,0.461535
1952,0.370361
1952.0834,0.168226
1952.1666,-2.05E-02
1952.25,0.346424
1952.3334,0.122692
1952.4166,-0.147963
1952.5,-0.252169
1952.5834,-0.150526
1952.6666,0.203722
1952.75,4.31E-02
1952.8334,-0.175135
1952.9166,-0.154856
1953,0.386221
1953.0834,3.24E-02
1953.1666,0.317989
1953.25,0.492073
1953.3334,0.284243
1953.4166,0.273567
1953.5,0.28767
1953.5834,0.188124
1953.6666,0.484081
1953.75,0.163242
1953.8334,0.319685
1953.9166,1.75E-02
1954,0.311201
1954.0834,0.134188
1954.1666,8.17E-02
1954.25,0.140524
1954.3334,-3.31E-02
1954.4166,-0.332434
1954.5,-0.525169
1954.5834,-0.533285
1954.6666,-0.612919
1954.75,-0.594849
1954.8334,-0.770973
1954.9166,-0.439917
1955,-0.539778
1955.0834,-0.846952
1955.1666,-0.593552
1955.25,-0.833666
1955.3334,-0.781078
1955.4166,-0.669613
1955.5,-0.91539
1955.5834,-0.623747
1955.6666,-0.724228
1955.75,-1.3112
1955.8334,-1.2195
1955.9166,-1.13655
1956,-0.873318
1956.0834,-0.924023
1956.1666,-0.783232
1956.25,-0.489906
1956.3334,-0.527048
1956.4166,-0.798264
1956.5,-0.686699
1956.5834,-0.554296
1956.6666,-0.821878
1956.75,-0.705507
1956.8334,-0.593643
1956.9166,-0.351646
1957,-7.78E-02
1957.0834,6.29E-02
1957.1666,4.25E-02
1957.25,0.379473
1957.3334,0.549223
1957.4166,9.49E-02
1957.5,0.245541
1957.5834,0.319035
1957.6666,0.470451
1957.75,0.578241
1957.8334,0.740526
1957.9166,0.742594
1958,1.19963
1958.0834,1.21177
1958.1666,1.04459
1958.25,0.550024
1958.3334,0.650063
1958.4166,0.413996
1958.5,0.21236
1958.5834,0.480135
1958.6666,3.83E-03
1958.75,0.220383
1958.8334,0.305975
1958.9166,0.531214
1959,0.433022
1959.0834,0.437178
1959.1666,0.284229
1959.25,0.287384
1959.3334,0.281712
1959.4166,-0.160364
1959.5,-2.70E-02
1959.5834,0.128365
1959.6666,7.25E-02
1959.75,5.23E-03
1959.8334,-0.190973
1959.9166,-0.156406
1960,-0.283108
1960.0834,-0.397972
1960.1666,-0.282042
1960.25,1.65E-02
1960.3334,-6.01E-02
1960.4166,-0.279203
1960.5,-0.20566
1960.5834,-0.223446
1960.6666,-0.129768
1960.75,-8.66E-02
1960.8334,-0.177334
1960.9166,0.214533
1961,-0.126278
1961.0834,-8.36E-02
1961.1666,-0.205492
1961.25,-0.255737
1961.3334,-0.143148
1961.4166,-8.98E-02
1961.5,-0.22319
1961.5834,-0.195436
1961.6666,-0.265499
1961.75,-0.451427
1961.8334,-0.311575
1961.9166,-0.466606
1962,-0.626448
1962.0834,-0.382593
1962.1666,-0.403301
1962.25,-0.156366
1962.3334,-0.322477
1962.4166,-9.11E-02
1962.5,-0.21047
1962.5834,-0.151436
1962.6666,-0.319359
1962.75,-0.243467
1962.8334,-0.155655
1962.9166,-0.307907
1963,-0.320208
1963.0834,-0.206442
1963.1666,-0.161211
1963.25,-3.11E-02
1963.3334,-6.01E-02
1963.4166,-0.241013
1963.5,0.20023
1963.5834,0.458834
1963.6666,0.342411
1963.75,0.560331
1963.8334,0.577875
1963.9166,0.517803
1964,0.419281
1964.0834,0.380768
1964.1666,-0.135672
1964.25,-7.50E-02
1964.3334,-0.294928
1964.4166,-0.507864
1964.5,-0.543829
1964.5834,-0.699995
1964.6666,-1.03008
1964.75,-1.02717
1964.8334,-1.01122
1964.9166,-0.842806
1965,-0.388039
1965.0834,-0.417683
1965.1666,-0.470171
1965.25,-0.171328
1965.3334,-0.112429
1965.4166,4.93E-02
1965.5,0.236141
1965.5834,0.468874
1965.6666,0.494242
1965.75,0.760042
1965.8334,0.852757
1965.9166,0.804995
1966,0.719313
1966.0834,0.618378
1966.1666,0.889389
1966.25,0.455833
1966.3334,0.335941
1966.4166,0.355097
1966.5,0.558151
1966.5834,0.426794
1966.6666,0.333681
1966.75,0.178001
1966.8334,3.78E-02
1966.9166,4.26E-02
1967,-0.605288
1967.0834,-0.630262
1967.1666,-0.335211
1967.25,6.61E-02
1967.3334,0.237741
1967.4166,0.102507
1967.5,7.96E-02
1967.5834,-6.34E-02
1967.6666,-0.236488
1967.75,-3.47E-02
1967.8334,5.75E-02
1967.9166,-1.68E-02
1968,-0.117847
1968.0834,9.63E-03
1968.1666,-0.341841
1968.25,-0.306696
1968.3334,-0.271738
1968.4166,2.76E-02
1968.5,6.12E-02
1968.5834,0.160994
1968.6666,-6.07E-02
1968.75,0.345152
1968.8334,0.671955
1968.9166,0.602953
1969,1.06328
1969.0834,1.27469
1969.1666,0.747948
1969.25,0.579094
1969.3334,0.408571
1969.4166,0.116276
1969.5,0.171131
1969.5834,0.555393
1969.6666,0.583792
1969.75,0.541851
1969.8334,0.629215
1969.9166,0.646954
1970,0.508371
1970.0834,0.446547
1970.1666,0.338619
1970.25,0.250374
1970.3334,0.316181
1970.4166,6.89E-02
1970.5,-7.52E-02
1970.5834,-0.301506
1970.6666,-0.376568
1970.75,-0.525349
1970.8334,-0.393465
1970.9166,-0.846016
1971,-1.14623
1971.0834,-0.953733
1971.1666,-1.02668
1971.25,-0.641666
1971.3334,-0.576399
1971.4166,-0.601933
1971.5,-0.66794
1971.5834,-0.678017
1971.6666,-0.862839
1971.75,-0.444298
1971.8334,-0.430704
1971.9166,-0.349127
1972,-0.273329
1972.0834,1.56E-02
1972.1666,6.41E-02
1972.25,0.434223
1972.3334,0.557173
1972.4166,0.492407
1972.5,0.46384
1972.5834,0.385584
1972.6666,0.428211
1972.75,0.879961
1972.8334,0.766365
1972.9166,1.01172
1973,0.988111
1973.0834,0.648098
1973.1666,0.510029
1973.25,6.38E-02
1973.3334,6.02E-03
1973.4166,-0.413874
1973.5,-0.582979
1973.5834,-0.760077
1973.6666,-1.00966
1973.75,-1.13772
1973.8334,-1.42931
1973.9166,-1.74336
1974,-1.58542
1974.0834,-1.10435
1974.1666,-1.07489
1974.25,-0.841486
1974.3334,-0.679089
1974.4166,-0.662834
1974.5,-0.73918
1974.5834,-0.539797
1974.6666,-0.685688
1974.75,-0.791147
1974.8334,-0.869835
1974.9166,-0.776867
1975,-0.568848
1975.0834,-0.305964
1975.1666,-0.524021
1975.25,-0.614147
1975.3334,-0.794968
1975.4166,-0.879473
1975.5,-1.23872
1975.5834,-1.42605
1975.6666,-1.72137
1975.75,-1.76935
1975.8334,-1.7215
1975.9166,-1.75892
1976,-1.28306
1976.0834,-0.924572
1976.1666,-0.513422
1976.25,-0.405857
1976.3334,-0.439487
1976.4166,-0.315254
1976.5,-0.320518
1976.5834,-0.261847
1976.6666,0.147362
1976.75,0.316122
1976.8334,0.467325
1976.9166,0.173433
1977,0.173811
1977.0834,0.129868
1977.1666,0.104679
1977.25,-2.69E-02
1977.3334,-2.92E-02
1977.4166,0.259687
1977.5,0.52458
1977.5834,0.581163
1977.6666,0.685202
1977.75,0.645742
1977.8334,0.771147
1977.9166,0.854364
1978,0.610512
1978.0834,0.419317
1978.1666,9.98E-02
1978.25,1.77E-02
1978.3334,2.91E-02
1978.4166,-0.191624
1978.5,-8.06E-02
1978.5834,-0.177225
1978.6666,-0.249138
1978.75,-0.141117
1978.8334,-9.80E-03
1978.9166,2.10E-02
1979,0.317822
1979.0834,0.346407
1979.1666,0.295698
1979.25,0.168734
1979.3334,-4.80E-02
1979.4166,-5.86E-03
1979.5,0.10051
1979.5834,5.84E-02
1979.6666,4.54E-02
1979.75,0.185452
1979.8334,0.218456
1979.9166,0.621023
1980,0.569942
1980.0834,0.642117
1980.1666,0.475958
1980.25,0.403324
1980.3334,0.434643
1980.4166,0.380568
1980.5,0.33518
1980.5834,0.105333
1980.6666,0.101902
1980.75,0.264662
1980.8334,0.423056
1980.9166,0.248543
1981,2.15E-02
1981.0834,1.16E-02
1981.1666,0.255838
1981.25,2.36E-02
1981.3334,3.10E-02
1981.4166,-0.137743
1981.5,-0.25643
1981.5834,-0.120087
1981.6666,3.37E-02
1981.75,3.86E-02
1981.8334,4.81E-02
1981.9166,0.217014
1982,3.85E-03
1982.0834,-1.72E-02
1982.1666,0.254639
1982.25,0.472414
1982.3334,0.608501
1982.4166,0.759836
1982.5,0.3873
1982.5834,0.449234
1982.6666,0.574732
1982.75,1.01432
1982.8334,0.771326
1982.9166,0.784853
1983,0.894072
1983.0834,0.767878
1983.1666,0.589708
1983.25,0.360893
1983.3334,0.372461
1983.4166,0.177347
1983.5,-0.1735
1983.5834,-0.173157
1983.6666,-0.437399
1983.75,-0.698427
1983.8334,-0.733845
1983.9166,-0.560396
1984,-0.562199
1984.0834,-0.608532
1984.1666,-0.684212
1984.25,-0.750807
1984.3334,-0.760588
1984.4166,-0.641403
1984.5,-0.344109
1984.5834,-0.375977
1984.6666,-0.141548
1984.75,-0.535408
1984.8334,-0.750824
1984.9166,-0.991417
1985,-0.392609
1985.0834,-0.561333
1985.1666,-0.708471
1985.25,-0.741016
1985.3334,-0.668428
1985.4166,-0.597294
1985.5,-0.268669
1985.5834,-0.112467
1985.6666,-0.10467
1985.75,-0.119087
1985.8334,-1.22E-02
1985.9166,3.73E-02
1986,-0.236198
1986.0834,-0.184793
1986.1666,-0.257521
1986.25,-0.164347
1986.3334,-0.138508
1986.4166,0.188747
1986.5,0.313301
1986.5834,0.515743
1986.6666,0.691271
1986.75,0.723412
1986.8334,0.811506
1986.9166,0.696863
1987,0.737762
1987.0834,0.842018
1987.1666,0.931549
1987.25,0.623434
1987.3334,0.646862
1987.4166,0.899567
1987.5,0.842001
1987.5834,0.903515
1987.6666,1.02606
1987.75,1.1015
1987.8334,1.16696
1987.9166,1.0586
1988,0.805862
1988.0834,0.484997
1988.1666,0.382978
1988.25,-0.157597
1988.3334,-0.494778
1988.4166,-0.629923
1988.5,-0.75532
1988.5834,-0.699955
1988.6666,-0.83046
1988.75,-1.41876
1988.8334,-1.49956
1988.9166,-1.46429
1989,-1.47786
1989.0834,-1.32194
1989.1666,-1.17281
1989.25,-0.868597
1989.3334,-0.658678
1989.4166,-0.694653
1989.5,-0.416609
1989.5834,-0.423916
1989.6666,-0.18475
1989.75,-0.218649
1989.8334,-0.115774
1989.9166,0.220015
1990,0.362152
1990.0834,0.468246
1990.1666,0.517878
1990.25,0.389023
1990.3334,0.325663
1990.4166,0.238897
1990.5,0.437141
1990.5834,0.543755
1990.6666,0.461391
1990.75,0.584803
1990.8334,0.519596
1990.9166,0.764935
1991,0.796223
1991.0834,0.638138
1991.1666,0.500429
1991.25,0.649334
1991.3334,0.641333
1991.4166,0.723248
1991.5,0.66197
1991.5834,0.698593
1991.6666,0.507391
1991.75,0.881262
1991.8334,0.858126
1991.9166,0.941114
1992,0.787941
1992.0834,0.918827
1992.1666,0.935219
1992.25,0.866034
1992.3334,0.805542
1992.4166,0.527386
1992.5,0.547991
1992.5834,0.340954
1992.6666,0.306021
1992.75,0.185602
1992.8334,0.259565
1992.9166,0.412724
1993,0.608152
1993.0834,0.510418
1993.1666,0.445948
1993.25,0.620773
1993.3334,0.601412
1993.4166,0.555267
1993.5,0.545841
1993.5834,0.501135
1993.6666,0.583181
1993.75,0.487902
1993.8334,0.584387
1993.9166,0.489454
1994,0.326181
1994.0834,7.54E-02
1994.1666,0.179539
1994.25,0.351303
1994.3334,0.353481
1994.4166,0.511576
1994.5,0.75461
1994.5834,0.984943
1994.6666,0.777981
1994.75,0.951122
1994.8334,1.09523
1994.9166,1.03269
1995,1.04577
1995.0834,0.940027
1995.1666,0.892998
1995.25,0.650953
1995.3334,0.576902
1995.4166,0.570297
1995.5,0.413221
1995.5834,0.235495
1995.6666,0.112711
1995.75,-0.119299
1995.8334,-0.146235
1995.9166,-0.118647
1996,-0.219469
1996.0834,-0.267794
1996.1666,-0.128721
1996.25,-7.61E-02
1996.3334,-0.137157
1996.4166,0.105267
1996.5,-1.70E-02
1996.5834,-9.04E-02
1996.6666,-5.97E-02
1996.75,-2.12E-02
1996.8334,7.38E-02
1996.9166,0.154823
1997,0.233372
1997.0834,0.232117
1997.1666,0.276968
1997.25,0.635754
1997.3334,0.754702
1997.4166,0.668457
1997.5,0.87999
1997.5834,0.953495
1997.6666,1.06266
1997.75,0.997183
1997.8334,1.09356
1997.9166,0.901863
1998,1.04394
1998.0834,0.887978
1998.1666,0.587709
1998.25,0.329224
1998.3334,0.274042
1998.4166,-0.126543
1998.5,-0.2806
1998.5834,-0.445017
1998.6666,-0.499439
1998.75,-0.853819
1998.8334,-0.943964
1998.9166,-1.11812
1999,-1.36164
1999.0834,-1.3894
1999.1666,-0.943491
1999.25,-0.776377
1999.3334,-0.757698
1999.4166,-0.633364
1999.5,-0.652309
1999.5834,-0.728987
1999.6666,-0.558538
1999.75,-0.672487
1999.8334,-0.894754
1999.9166,-1.08266
2000,-1.22025
2000.0834,-1.33937
2000.1666,-1.26741
2000.25,-0.995537
2000.3334,-0.835869
2000.4166,-0.526953
2000.5,-0.413069
2000.5834,-0.244307
2000.6666,-0.1999
2000.75,-0.316948
2000.8334,-0.370184
2000.9166,-0.678535
2001,-0.690557
2001.0834,-0.723133
2001.1666,-0.534752
2001.25,-0.233027
2001.3334,-0.146498
2001.4166,9.43E-02
2001.5,0.3319
2001.5834,0.404493
2001.6666,0.487791
2001.75,0.327951
2001.8334,0.309727
2001.9166,0.126753
2002,0.406542
2002.0834,0.293737
2002.1666,0.332169
2002.25,0.468763
2002.3334,0.456472
2002.4166,0.734886
2002.5,0.75185
2002.5834,0.812723
2002.6666,0.816711
2002.75,0.969742
2002.8334,1.09921
2002.9166,0.963913
2003,0.845592
2003.0834,0.730097
2003.1666,0.724619
2003.25,0.520004
2003.3334,0.175072
2003.4166,0.335066
2003.5,0.413561
2003.5834,0.406485
2003.6666,0.463621
2003.75,0.659042
2003.8334,0.700525
2003.9166,0.525923
2004,0.536112
2004.0834,0.362667
2004.1666,0.150219
2004.25,0.327904
2004.3334,0.370583
2004.4166,0.445517
2004.5,0.65262
2004.5834,0.745014
2004.6666,0.915771
2004.75,0.911211
2004.8334,0.882776
2004.9166,0.874254
2005,0.953022
2005.0834,0.646378
2005.1666,0.579498
2005.25,0.466293
2005.3334,0.361372
2005.4166,0.379517
2005.5,0.26848
2005.5834,0.289654
2005.6666,0.299921
2005.75,0.258032
2005.8334,0.113956
2005.9166,-0.128317
2006,-0.410269
2006.0834,-0.621172
2006.1666,-0.407782
2006.25,-0.123686
2006.3334,8.30E-02
2006.4166,0.306566
2006.5,0.37414
2006.5834,0.638714
2006.6666,0.772921
2006.75,0.825262
2006.8334,0.911766
2006.9166,0.937473
2007,0.668911
2007.0834,0.389107
2007.1666,0.222429
2007.25,0.202272
2007.3334,3.36E-02
2007.4166,0.181267
2007.5,6.31E-02
2007.5834,2.08E-02
2007.6666,-0.357349
2007.75,-0.609167
2007.8334,-0.956915
2007.9166,-0.962166
2008,-1.24928
2008.0834,-1.4126
2008.1666,-1.15769
2008.25,-0.852686
2008.3334,-0.760729
2008.4166,-0.517103
2008.5,-0.28866
2008.5834,-0.177277
2008.6666,-0.253109
2008.75,-0.236708
2008.8334,-0.365965
2008.9166,-0.594566
2009,-0.579699
2009.0834,-0.481422
2009.1666,-0.280861
2009.25,1.38E-02
2009.3334,0.243261
2009.4166,0.484686
2009.5,0.62425
2009.5834,0.808285
2009.6666,0.784872
2009.75,1.08824
2009.8334,1.36454
2009.9166,1.43401
2010,1.34118
2010.0834,0.997187
2010.1666,0.972569
2010.25,0.805693
2010.3334,0.183043
2010.4166,-0.109793
2010.5,-0.445009
2010.5834,-0.933367
2010.6666,-1.07898
2010.75,-1.23756
2010.8334,-1.25373
2010.9166,-1.2524
2011,-1.24774
2011.0834,-0.977102
2011.1666,-0.666691
2011.25,-0.585077
2011.3334,-0.446608
2011.4166,-0.281464
2011.5,-0.30414
2011.5834,-0.386646
2011.6666,-0.47646
2011.75,-0.589058
2011.8334,-0.584574
2011.9166,-0.919157
2012,-0.877728
2012.0834,-0.681282
2012.1666,-0.482492
2012.25,-0.213676
2012.3334,-0.190989
2012.4166,-1.34E-02
2012.5,0.10849
2012.5834,0.475513
2012.6666,0.48138
2012.75,0.493193
2012.8334,0.513266
2012.9166,0.222584
2013,7.21E-02
2013.0834,-0.111063
2013.1666,-0.105482
2013.25,4.01E-02
2013.3334,2.58E-02
2013.4166,2.13E-02
2013.5,5.36E-02
2013.5834,0.215473
2013.6666,0.198092
2013.75,0.115202
2013.8334,0.313936
2013.9166,3.78E-02
2014,-9.68E-02
2014.0834,0.125788
2014.1666,0.340719
2014.25,0.429293
2014.3334,0.491041
2014.4166,0.532696
2014.5,0.394611
2014.5834,0.517473
2014.6666,0.66526
2014.75,0.691572
2014.8334,0.959095
2014.9166,0.827524
2015,0.840471
2015.0834,0.878397
2015.1666,0.828728
2015.25,1.1175
2015.3334,1.05961
2015.4166,1.18876
2015.5,1.20439
2015.5834,1.24488
2015.6666,1.31624
2015.75,1.35135
2015.8334,1.74877
2015.9166,1.62736
2016,1.46515
2016.0834,1.34515
2016.1666,1.22228
2016.25,0.979944
2016.3334,0.710201
2016.4166,0.595287
2016.5,0.400251
2016.5834,0.206514
2016.6666,3.81E-02
2016.75,-0.213509
2016.8334,-0.133015
2016.9166,-1.21E-02
2017,4.03E-03
2017.0834,9.86E-02
2017.1666,2.71E-02
2017.25,0.287533
2017.3334,0.371153
2017.4166,0.478407
2017.5,0.45438
2017.5834,0.359625
2017.6666,0.103901
2017.75,6.18E-02
2017.8334,-5.37E-02
2017.9166,-0.185556
2018,-0.172459
2018.0834,-0.153572
2018.1666,-1.98E-02
2018.25,0.283873
2018.3334,0.377981
2018.4166,0.429346
2018.5,0.50423
2018.5834,0.649334
2018.6666,0.757162
2018.75,1.00709
2018.8334,0.968657
2018.9166,1.01379
